<?xml version="1.0" encoding="UTF-8"?>
<project-private xmlns="http://www.netbeans.org/ns/project-private/1">
    <editor-bookmarks xmlns="http://www.netbeans.org/ns/editor-bookmarks/2" lastBookmarkId="0"/>
    <open-files xmlns="http://www.netbeans.org/ns/projectui-open-files/2">
        <group>
            <file>file:/C:/Users/w1113/Downloads/tutorMe-develop/tutorMe-develop/tutorMeAnt/src/controller/SaveMessage.java</file>
            <file>file:/C:/Users/w1113/Downloads/tutorMe-develop/tutorMe-develop/tutorMeAnt/src/controller/AdminDAO.java</file>
            <file>file:/C:/Users/w1113/Downloads/tutorMe-develop/tutorMe-develop/tutorMeAnt/src/model/MeetingPlace.java</file>
            <file>file:/C:/Users/w1113/Downloads/tutorMe-develop/tutorMe-develop/tutorMeAnt/src/controller/AddStudent.java</file>
            <file>file:/C:/Users/w1113/Downloads/tutorMe-develop/tutorMe-develop/tutorMeAnt/src/model/Appointment.java</file>
            <file>file:/C:/Users/w1113/Downloads/tutorMe-develop/tutorMe-develop/tutorMeAnt/src/view/StudentFrame.java</file>
            <file>file:/C:/Users/w1113/Downloads/tutorMe-develop/tutorMe-develop/tutorMeAnt/src/controller/GetContacts.java</file>
            <file>file:/C:/Users/w1113/Downloads/tutorMe-develop/tutorMe-develop/tutorMeAnt/src/model/Time.java</file>
        </group>
    </open-files>
</project-private>
